{
    "bits": 16,
    "channels": 2,
    "dimension": {
        "dx": 640,
        "dy": 552,
        "dz": 204
    },
    "name": "2015-07-11-johan",
    "origin": {
        "ox": 72739.042,
        "oy": 41644.696,
        "oz": 14966.719
    },
    "size": {
        "sx": 16001.76875,
        "sy": 16099.7807971014,
        "sz": 64066.5882352941
    },
    "unit": "micrometer",
    "voxelsize": {
        "vx": 0.25002763671875,
        "vy": 0.25155907495471,
        "vz": 1.00104044117647
    }
}
